Exercise Name,Home Category,Sub Category,Exercise Type,Laterality,Primary Muscles (1.00),Secondary Muscles (0.50),Tertiary Muscles (0.25),Quaternary Muscles (0.125),Fatigue Score,Estimated Recovery Window,Progressive Overload Potential,Stability,Hypertrophy Potential,Stimulus-to-Fatigue Ratio (SFR),Stretch-Mediated Hypertrophy,Resistance Profile,Stability Requirement,Axial Loading,Skill Requirement,Recommended Rest Time,Limiting Factor,Don't Program,Notes,Video URL,Thumbnail
High-to-Low Cable Fly,Chest,,Isolation,Can Be Both,Lower Chest,Middle Chest:0.75,"Upper Chest, Front Delts",,1,24-48 hours,High,Moderate,Excellent,Excellent,Yes,Lengthened Bias,Cable,No,Low,2-3 minutes,Target Muscle,,,,
Low-to-High Cable Fly,Chest,,Isolation,Can Be Both,Upper Chest,"Front Delts:0.75, Middle Chest",Lower Chest,,1,24-48 hours,High,Moderate,Excellent,Excellent,Yes,Lengthened Bias,Cable,No,Low,2-3 minutes,Target Muscle,,,,
Incline Chest Fly Machine,Chest,,Isolation,Can Be Both,Upper Chest,"Front Delts:0.75, Middle Chest",Lower Chest,,1,24-48 hours,High,Very Stable,Excellent,Excellent,Yes,Balanced,Machine,No,Moderate,2-3 minutes,Target Muscle,,,,
Plate-Loaded Incline Chest Press,Chest,,Compound,Bilateral,Upper Chest,"Front Delts:0.75, Triceps:0.75, Middle Chest",Lower Chest,,2,24-48 hours,Very High,Very Stable,Excellent,Excellent,Partial,Balanced,Machine,No,Low,2-3 minutes,Target Muscle,,Maximal tension yield with low injury risk,,
Machine Chest Press,Chest,,Compound,Can Be Both,Middle Chest,"Triceps:0.75, Upper Chest, Lower Chest, Front Delts:0.75",,,2,24-48 hours,High,Very Stable,Excellent,Excellent,Partial,Balanced,Machine,No,Low,2-3 minutes,Target Muscle,,,,
Pec Deck Fly,Chest,,Isolation,Can Be Both,Middle Chest,"Front Delts, Upper Chest, Lower Chest",,,1,24-48 hours,Moderate,Very Stable,Excellent,Excellent,Yes,Shortened Bias,Machine,No,Moderate,2-3 minutes,Target Muscle,,,,
Smith Machine Bench Press,Chest,,Compound,Bilateral,Middle Chest,"Triceps:0.75, Upper Chest, Lower Chest, Front Delts:0.75",,,3,36-60 hours,Very High,Very Stable,Excellent,Good,Partial,Balanced,Machine,No,Moderate,3-4 minutes,Target Muscle,,Arching and grip width shift bias between Middle Chest and Triceps.,,
Weighted Chest Dips,Chest,,Compound,Bilateral,Lower Chest,"Front Delts, Triceps:0.75, Middle Chest",Rectus Abdominis,,2,24-48 hours,High,Moderate,Excellent,Good,Yes,Balanced,Bodyweight,No,Moderate,2-3 minutes,Target Muscle,,High mechanical tension with external load,,
Smith Machine Incline Bench Press,Chest,,Compound,Bilateral,Upper Chest,"Triceps:0.75, Middle Chest, Front Delts:0.75",Lower Chest,,3,36-60 hours,Very High,Very Stable,Excellent,Good,Partial,Balanced,Machine,No,Moderate,3-4 minutes,Target Muscle,,,,
Incline Barbell Bench Press,Chest,,Compound,Bilateral,Upper Chest,"Triceps:0.75, Middle Chest, Front Delts:0.75",Lower Chest,,3,48-72 hours,Very High,Moderate,High,Good,Partial,Lengthened Bias,Free Weight,No,Moderate,3.5-5 minutes,Target Muscle,,,,
Flat Bench Press,Chest,,Compound,Bilateral,Middle Chest,"Triceps:0.75, Upper Chest, Lower Chest, Front Delts:0.75",,,3,48-72 hours,High,Moderate,High,Good,Partial,Lengthened Bias,Free Weight,No,Moderate,3.5-5 minutes,Target Muscle,,Arching and grip width shift bias between Middle Chest and Triceps.,,
Chest Press Machine,Chest,,Compound,Bilateral,Middle Chest,"Triceps:0.75, Upper Chest, Lower Chest, Front Delts:0.75",,,3,36-60 hours,High,Very Stable,Excellent,Good,No,Balanced,Machine,No,Moderate,3-4 minutes,Target Muscle,,,,
Dumbbell Bench Press,Chest,,Compound,Bilateral,Middle Chest,"Triceps:0.75, Upper Chest, Lower Chest, Front Delts:0.75",,,3,48-72 hours,High,Moderate,High,Good,Partial,Lengthened Bias,Free Weight,No,Moderate,3.5-5 minutes,Target Muscle,,Arching and grip width shift bias between Middle Chest and Triceps.,,
Close-Grip Push-Up With Bands,Chest,,Compound,Bilateral,"Triceps, Middle Chest","Front Delts, Upper Chest, Lower Chest",Rectus Abdominis,,1,24-48 hours,High,Moderate,Excellent,Good,No,Balanced,Resistance Band,No,Low,2-3 minutes,Load Cap,,,,
Wide Grip Bench Press,Chest,,Compound,Bilateral,Middle Chest,"Triceps:0.75, Upper Chest, Lower Chest, Front Delts:0.75",,,3,48-72 hours,High,Moderate,High,Good,Partial,Lengthened Bias,Free Weight,No,Moderate,3.5-5 minutes,Target Muscle,,Arching and grip width shift bias between Middle Chest and Triceps.,,
Close Grip Bench Press,Chest,,Compound,Bilateral,"Middle Chest, Triceps","Upper Chest, Lower Chest",,,3,48-72 hours,High,Moderate,High,Good,Partial,Lengthened Bias,Free Weight,No,Moderate,3.5-5 minutes,Target Muscle,,Arching and grip width shift bias between Middle Chest and Triceps.,,
Lying Chest Press Machine,Chest,,Compound,Bilateral,Middle Chest,"Triceps:0.75, Upper Chest, Lower Chest, Front Delts:0.75",,,3,36-60 hours,High,Very Stable,Excellent,Good,No,Balanced,Machine,No,Moderate,3-4 minutes,Target Muscle,,,,
Dumbbell Floor Press,Chest,,Compound,Bilateral,"Middle Chest, Triceps","Front Delts, Upper Chest, Lower Chest",,,2,24-48 hours,High,Stable,High,Good,No,Balanced,Free Weight,No,Low,2-3 minutes,Target Muscle,,"Limits ROM, emphasizes triceps and lock-out",,
Push-Up With Bands,Chest,,Compound,Bilateral,Middle Chest,"Triceps:0.75, Upper Chest, Lower Chest, Front Delts:0.75",,,3,48-72 hours,High,Moderate,Excellent,Good,No,Balanced,Resistance Band,No,Moderate,2-3 minutes,Load Cap,,"Band looped across the upper back adds resistance bodyweight alone cannot provide, giving a progressive overload path at home",,
Incline Cable Fly,Chest,,Isolation,Can Be Both,Upper Chest,"Front Delts:0.75, Middle Chest",Lower Chest,,1,24-48 hours,Moderate,Moderate,High,Excellent,No,Balanced,Cable,No,Moderate,2-3 minutes,Target Muscle,,,,
Dumbbell Floor Press (Neutral Grip),Chest,,Compound,Bilateral,"Triceps, Middle Chest","Front Delts, Upper Chest, Lower Chest",,,2,24-48 hours,High,Stable,High,Good,No,Balanced,Free Weight,No,Low,2-3 minutes,Target Muscle,,,,
Dumbbell Pullover,Chest,,Isolation,Bilateral,"Middle Chest:0.75, Lower Chest:0.75, Lats:0.75","Triceps, Serratus Anterior",,,3,48-72 hours,Moderate,Moderate,High,Good,Yes,Lengthened Bias,Free Weight,No,Moderate,2-3 minutes,Target Muscle,,,,
Dumbbell Fly,Chest,,Isolation,Can Be Both,Middle Chest,"Front Delts, Upper Chest, Lower Chest",,,1,24-48 hours,Moderate,Moderate,High,Good,No,Shortened Bias,Free Weight,No,Moderate,2-3 minutes,Target Muscle,,,,
Incline Dumbbell Fly,Chest,,Isolation,Can Be Both,Upper Chest,"Front Delts:0.75, Middle Chest",Lower Chest,,1,24-48 hours,Moderate,Moderate,High,Good,No,Shortened Bias,Free Weight,No,Moderate,2-3 minutes,Target Muscle,,,,
Cable Crossover,Chest,,Isolation,Can Be Both,Middle Chest,"Front Delts, Upper Chest, Lower Chest",,,3,48-72 hours,Moderate,Moderate,High,Good,No,Balanced,Cable,No,Moderate,2-3 minutes,Target Muscle,,,,
Knee Push-Up With Bands,Chest,,Compound,Bilateral,Middle Chest,"Triceps:0.75, Upper Chest, Lower Chest, Front Delts:0.75",,,1,24-48 hours,Moderate,Stable,Moderate,Good,No,Balanced,Resistance Band,No,Low,2-3 minutes,Load Cap,,Regressed push-up variation; band gives a progression step before a full Push-Up With Bands,,
Low Cable Crossover,Chest,,Isolation,Can Be Both,Lower Chest,Middle Chest:0.75,"Upper Chest, Front Delts",,3,48-72 hours,Moderate,Moderate,High,Good,No,Balanced,Cable,No,Moderate,2-3 minutes,Target Muscle,,,,
High Cable Crossover,Chest,,Isolation,Can Be Both,Upper Chest,"Front Delts:0.75, Middle Chest",Lower Chest,,3,48-72 hours,Moderate,Moderate,High,Good,No,Balanced,Cable,No,Moderate,2-3 minutes,Target Muscle,,,,
Close-Grip Push-Up,Chest,,Compound,Bilateral,"Triceps, Middle Chest","Front Delts, Upper Chest, Lower Chest",Rectus Abdominis,,1,24-48 hours,Low,Moderate,High,Good,No,Balanced,Bodyweight,No,Low,2-3 minutes,Load Cap,,,,
Incline Dumbbell Press,Chest,,Compound,Bilateral,Upper Chest,"Triceps:0.75, Middle Chest, Front Delts:0.75",Lower Chest,,3,48-72 hours,High,Moderate,High,Average,No,Balanced,Free Weight,No,Moderate,3.5-5 minutes,Target Muscle,,,,
Incline Push-Up With Bands,Chest,,Compound,Bilateral,Lower Chest,"Middle Chest:0.75, Triceps:0.75","Upper Chest, Front Delts, Rectus Abdominis",,1,24-48 hours,Moderate,Moderate,Moderate,Good,No,Balanced,Resistance Band,No,Low,2-3 minutes,Load Cap,,Regressed push-up variation; band adds resistance for continued progression,,
Chest Dips,Chest,,Compound,Bilateral,Lower Chest,"Triceps:0.75, Front Delts, Middle Chest",,,3,48-72 hours,Moderate,Moderate,High,Average,No,Balanced,Bodyweight,No,Moderate,3.5-5 minutes,Load Cap,,,,
Assisted Chest Dip,Chest,,Compound,Bilateral,Lower Chest,"Triceps:0.75, Front Delts, Middle Chest",,,3,48-72 hours,Moderate,Moderate,High,Average,No,Balanced,Free Weight,No,Moderate,2-3 minutes,Load Cap,,,,
Single-Arm Cable Crossover,Chest,,Isolation,Unilateral,Middle Chest,"Front Delts, Upper Chest, Lower Chest",,,3,48-72 hours,Moderate,Moderate,High,Good,No,Balanced,Cable,No,Moderate,2-3 minutes,Target Muscle,,,,
Push-Up,Chest,,Compound,Bilateral,Middle Chest,"Triceps:0.75, Upper Chest, Lower Chest, Front Delts:0.75",,,3,48-72 hours,Low,Moderate,High,Average,No,Balanced,Bodyweight,No,Moderate,2-3 minutes,Load Cap,,,,
Knee Push-Up,Chest,,Compound,Bilateral,Middle Chest,"Triceps:0.75, Upper Chest, Lower Chest, Front Delts:0.75",,,1,24-48 hours,Low,Stable,Low,Average,No,Balanced,Bodyweight,No,Low,2-3 minutes,Load Cap,,Regressed push-up variation,,
Close-Grip Knee Push-Up,Chest,,Compound,Bilateral,"Triceps, Middle Chest","Front Delts, Upper Chest, Lower Chest",,,1,24-48 hours,Low,Stable,Low,Average,No,Balanced,Bodyweight,No,Low,2-3 minutes,Load Cap,,,,
Incline Push-Up,Chest,,Compound,Bilateral,Lower Chest,"Middle Chest:0.75, Triceps:0.75","Upper Chest, Front Delts, Rectus Abdominis",,1,24-48 hours,Low,Moderate,Low,Average,No,Balanced,Bodyweight,No,Low,2-3 minutes,Load Cap,,Regressed push-up variation,,
Close-Grip Incline Push-Up,Chest,,Compound,Bilateral,"Triceps, Lower Chest","Front Delts, Middle Chest, Upper Chest",Rectus Abdominis,,1,24-48 hours,Low,Moderate,Low,Average,No,Balanced,Bodyweight,No,Low,2-3 minutes,Load Cap,,,,
Standing Cable Pullover Bar,Back,,Isolation,Can Be Both,Lats,,"Triceps, Rear Delts",,2,24-48 hours,High,Stable,Excellent,Excellent,Yes,Lengthened Bias,Cable,No,Low,2-3 minutes,Target Muscle,,,,
Standing Cable Pullover Rope,Back,,Isolation,Can Be Both,Lats,,"Triceps, Rear Delts",,2,24-48 hours,High,Stable,Excellent,Excellent,Yes,Lengthened Bias,Cable,No,Low,2-3 minutes,Target Muscle,,Allows wider range of motion at bottom,,
Machine Supported Pull Up - Wide Grip,Back,,Compound,Bilateral,"Lats, Teres Major:0.5",Rhomboids:0.25,"Rear Delts, Biceps",,2,24-48 hours,High,Very Stable,Excellent,Excellent,Yes,Balanced,Machine,No,Low,3-4 minutes,Load Cap,,,,
Machine Supported Pull Up - Neutral Grip,Back,,Compound,Bilateral,Lats,"Biceps, Rhomboids:0.25",Upper Traps:0.125,,2,24-48 hours,High,Very Stable,Excellent,Excellent,Yes,Balanced,Machine,No,Low,3-4 minutes,Load Cap,,,,
Machine Supported Pull Up - Overhand Grip,Back,,Compound,Bilateral,Lats,"Biceps, Rhomboids:0.25",Upper Traps:0.125,,2,24-48 hours,High,Very Stable,Excellent,Excellent,Yes,Balanced,Machine,No,Low,3-4 minutes,Load Cap,,Allows pushing closer to failure safely,,
Braced Single Arm Cable Pulldown,Back,,Compound,Unilateral,Lats,Biceps,Lower Traps,,2,48-72 hours,High,Very Stable,Excellent,Excellent,Yes,Balanced,Cable,No,Moderate,2-3 minutes,Target Muscle,,Underhand/neutral grip with non-working hand bracing against a bench. Exceptional lat isolation.,,
"Seated Cable Row, Underhand Grip",Back,,Compound,Bilateral,Lats,"Biceps, Mid Back",Upper Traps,,3,48-72 hours,High,Stable,Excellent,Good,Yes,Balanced,Cable,No,Low,3.5-5 minutes,Target Muscle,,,,
Chest Supported Dumbbell Row,Back,,Compound,Bilateral,"Lats, Mid Back:0.5","Biceps, Upper Traps:0.25",Rear Delts,,3,48-72 hours,High,Stable,Excellent,Good,Yes,Shortened Bias,Free Weight,No,Low,3.5-5 minutes,Target Muscle,,Zero axial loading,,
Chin-Up - Weighted,Back,,Compound,Bilateral,Lats,Biceps,"Rhomboids, Rectus Abdominis:0.125, Upper Traps:0.125",,3,48-72 hours,High,Moderate,Excellent,Good,Yes,Balanced,Free Weight,No,Moderate,3.5-5 minutes,Target Muscle,,,,
Lat Pulldown - Wide Grip,Back,,Compound,Bilateral,"Lats, Teres Major:0.5",Rhomboids:0.25,"Rear Delts, Biceps, Upper Traps:0.125",,3,48-72 hours,High,Stable,Excellent,Good,Partial,Balanced,Cable,No,Low,3.5-5 minutes,Target Muscle,,,,
Decline Dumbbell Pullover,Back,,Isolation,Bilateral,Lats,Lower Chest,Triceps,,3,48-72 hours,Moderate,Stable,Excellent,Good,Yes,Lengthened Bias,Free Weight,No,Moderate,2-3 minutes,Target Muscle,,Decline increases tension range,,
Lat Pulldown - Neutral Grip,Back,,Compound,Bilateral,Lats,"Biceps, Rhomboids:0.25","Upper Traps:0.125, Rear Delts",,3,48-72 hours,High,Stable,Excellent,Good,Partial,Balanced,Cable,No,Low,3.5-5 minutes,Target Muscle,,,,
Lat Pulldown - Overhand Grip,Back,,Compound,Bilateral,Lats,"Biceps, Rhomboids:0.25","Rear Delts, Upper Traps:0.125",,3,48-72 hours,High,Stable,Excellent,Good,Partial,Balanced,Cable,No,Low,3.5-5 minutes,Target Muscle,,,,
Lat Pulldown - Underhand Grip,Back,,Compound,Bilateral,Lats,"Biceps, Rhomboids:0.25","Upper Traps:0.125, Rear Delts",,3,48-72 hours,High,Stable,Excellent,Good,Partial,Balanced,Cable,No,Low,3.5-5 minutes,Target Muscle,,,,
"Pull Up - Wide Grip, Weighted",Back,,Compound,Bilateral,"Lats, Teres Major:0.5",Rhomboids:0.25,"Rear Delts, Biceps, Rectus Abdominis:0.125",,3,48-72 hours,High,Moderate,Excellent,Good,Yes,Balanced,Free Weight,No,Moderate,3.5-5 minutes,Target Muscle,,,,
"Pull Up - Neutral Grip, Weighted",Back,,Compound,Bilateral,Lats,"Biceps, Rhomboids:0.25","Upper Traps:0.125, Rectus Abdominis:0.125",,3,48-72 hours,High,Moderate,Excellent,Good,Yes,Balanced,Free Weight,No,Moderate,3.5-5 minutes,Target Muscle,,,,
"Pull Up - Overhand Grip, Weighted",Back,,Compound,Bilateral,Lats,"Biceps, Rhomboids:0.25","Rear Delts, Upper Traps:0.125",,3,48-72 hours,High,Moderate,Excellent,Good,Yes,Balanced,Free Weight,No,Moderate,3.5-5 minutes,Target Muscle,,,,
Chin-Up - With Band,Back,,Compound,Bilateral,Lats,Biceps,"Rhomboids, Rectus Abdominis:0.125, Upper Traps:0.125",,1,24-48 hours,Moderate,Moderate,High,Good,Yes,Balanced,Resistance Band,No,Low,2-3 minutes,Load Cap,,,,
"Chest Supported Row Machine, Underhand Grip",Back,,Compound,Bilateral,Lats,"Biceps, Mid Back",Upper Traps,,3,48-72 hours,High,Very Stable,Excellent,Good,Partial,Balanced,Machine,No,Low,3.5-5 minutes,Target Muscle,,,,
Single Arm Dumbbell Row,Back,,Compound,Unilateral,"Lats, Mid Back:0.5","Biceps, Upper Traps:0.25",Rear Delts,,3,48-72 hours,Very High,Moderate,Excellent,Good,Yes,Shortened Bias,Free Weight,No,Moderate,3.5-5 minutes,Target Muscle,,Great for deep stretch,,
Pull Up - Wide Grip,Back,,Compound,Bilateral,"Lats, Teres Major:0.5",Rhomboids:0.25,"Rear Delts, Biceps, Rectus Abdominis:0.125",,3,48-72 hours,Moderate,Moderate,Excellent,Good,Yes,Balanced,Bodyweight,No,Moderate,3.5-5 minutes,Load Cap,,,,
"Chest Supported Row Machine, Neutral Grip, Narrow",Back,,Compound,Bilateral,Lats,"Mid Back, Biceps",Upper Traps,,3,48-72 hours,High,Very Stable,Excellent,Good,Partial,Balanced,Machine,No,Low,3.5-5 minutes,Target Muscle,,,,
Pull Up - Neutral Grip,Back,,Compound,Bilateral,Lats,"Biceps, Rhomboids:0.25","Upper Traps:0.125, Rectus Abdominis:0.125",,3,48-72 hours,Moderate,Moderate,Excellent,Good,Yes,Balanced,Bodyweight,No,Moderate,3.5-5 minutes,Load Cap,,,,
Single Arm Landmine Row,Back,,Compound,Unilateral,"Lats, Mid Back:0.5","Biceps, Upper Traps:0.25",Rear Delts,,2,24-48 hours,High,Moderate,Excellent,Good,Yes,Shortened Bias,Free Weight,No,Moderate,2-3 minutes,Target Muscle,,,,
"Pull Up - Neutral Grip, With Band",Back,,Compound,Bilateral,Lats,"Biceps, Rhomboids:0.25","Upper Traps:0.125, Rectus Abdominis:0.125",,1,24-48 hours,Moderate,Moderate,High,Good,Yes,Balanced,Resistance Band,No,Low,2-3 minutes,Load Cap,,,,
"Pull Up - Overhand Grip, With Band",Back,,Compound,Bilateral,Lats,"Biceps, Rhomboids:0.25","Upper Traps:0.125, Rectus Abdominis:0.125",,1,24-48 hours,Moderate,Moderate,High,Good,Yes,Balanced,Resistance Band,No,Low,2-3 minutes,Load Cap,,,,
"Chest Supported Row Machine, Single Arm",Back,,Compound,Unilateral,"Lats, Mid Back:0.5","Biceps, Upper Traps:0.25",Rear Delts,,3,48-72 hours,High,Very Stable,Excellent,Good,Partial,Balanced,Machine,No,Low,3.5-5 minutes,Target Muscle,,,,
"Chest Supported Barbell Row, Underhand Grip",Back,,Compound,Bilateral,Lats,"Biceps, Mid Back",Upper Traps,,3,48-72 hours,High,Stable,Excellent,Good,No,Shortened Bias,Free Weight,No,Low,3.5-5 minutes,Target Muscle,,Zero axial loading,,
Chin-Up,Back,,Compound,Bilateral,Lats,Biceps,"Rhomboids, Upper Traps:0.125",,3,48-72 hours,Moderate,Moderate,High,Average,Partial,Balanced,Bodyweight,No,Moderate,3.5-5 minutes,Load Cap,,,,
Cable One Arm Lat Pulldown,Back,,Isolation,Unilateral,Lats,Biceps,Rear Delts,,3,48-72 hours,High,Stable,High,Good,No,Balanced,Cable,No,Moderate,3.5-5 minutes,Target Muscle,,Grip width and torso angle dictate Lat vs Upper Back involvement.,,
"Bent Over Dumbbell Row, Neutral Grip",Back,,Compound,Bilateral,"Lats, Mid Back:0.5","Biceps, Upper Traps:0.25",Spinal Erectors,,3,48-72 hours,High,Moderate,High,Good,No,Shortened Bias,Free Weight,No,Moderate,3.5-5 minutes,Target Muscle,,,,
Pull Up - Overhand Grip,Back,,Compound,Bilateral,Lats,"Biceps, Rhomboids:0.25","Rear Delts, Upper Traps:0.125",,3,48-72 hours,Moderate,Moderate,High,Average,Partial,Balanced,Bodyweight,No,Moderate,3.5-5 minutes,Load Cap,,,,
Lat Pulldown - Behind The Neck,Back,,Compound,Bilateral,"Lats, Rhomboids:0.5","Upper Traps:0.125, Rear Delts",Biceps,,3,48-72 hours,Moderate,Stable,High,Average,Partial,Balanced,Cable,No,High,3.5-5 minutes,Target Muscle,,High shoulder mobility required,,
"Inverted Row, Underhand Grip",Back,,Compound,Bilateral,Lats,"Biceps, Mid Back","Upper Traps, Rectus Abdominis",,2,24-48 hours,Low,Moderate,High,Good,No,Balanced,Bodyweight,No,Low,2-3 minutes,Load Cap,,,,
"Bent Over Barbell Row, Underhand Grip",Back,,Compound,Bilateral,Lats,"Biceps, Mid Back","Upper Traps, Spinal Erectors",,3,48-72 hours,Very High,Moderate,High,Average,No,Shortened Bias,Free Weight,No,High,3.5-5 minutes,Target Muscle,,High axial loading,,
Chin-Up - Close Grip,Back,,Compound,Bilateral,Lats,Biceps,"Rhomboids, Upper Traps:0.125",,3,48-72 hours,Moderate,Moderate,High,Average,No,Balanced,Bodyweight,No,Moderate,3.5-5 minutes,Load Cap,,,,
"TRX Row, Neutral Grip",Back,,Compound,Bilateral,"Lats, Mid Back:0.5","Biceps, Upper Traps:0.25","Rear Delts, Rectus Abdominis",,2,24-48 hours,Low,Moderate,Moderate,Good,No,Balanced,Bodyweight,No,Low,2-3 minutes,Load Cap,,,,
"TRX Row, Underhand Grip",Back,,Compound,Bilateral,Lats,"Biceps, Mid Back","Upper Traps, Rectus Abdominis",,2,24-48 hours,Low,Moderate,Moderate,Good,No,Balanced,Bodyweight,No,Low,2-3 minutes,Load Cap,,,,
Seated Row With Bands,Back,,Compound,Bilateral,"Lats, Mid Back:0.5","Biceps, Upper Traps:0.25",,,1,24-48 hours,Moderate,Moderate,Low,Average,No,Balanced,Resistance Band,No,Low,2-3 minutes,Load Cap,,,,
Bent Over Row With Bands,Back,,Compound,Bilateral,"Lats, Mid Back:0.5","Biceps, Upper Traps:0.25",Spinal Erectors,,1,24-48 hours,Moderate,Moderate,Low,Average,No,Balanced,Resistance Band,No,Low,2-3 minutes,Load Cap,,,,
Kettlebell Bent Over Row,Back,,Compound,Bilateral,"Lats, Mid Back:0.5","Biceps, Upper Traps:0.25",Spinal Erectors,,3,48-72 hours,Moderate,Moderate,High,Good,No,Shortened Bias,Free Weight,No,Moderate,3.5-5 minutes,Load Cap,Yes,,,
Human Pullover,Back,,Isolation,Bilateral,Lats,Lower Chest,"Triceps, Rectus Abdominis",,2,24-48 hours,Low,Unstable,Moderate,Average,Yes,Lengthened Bias,Bodyweight,No,Moderate,2-3 minutes,Balance,Yes,,,
Band Assisted Muscle-Up,Back,,Compound,Bilateral,Lats,Biceps,"Rear Delts, Upper Traps",,2,24-48 hours,Low,Highly Unstable,Moderate,Poor,No,Balanced,Bodyweight,No,Very High,3-4 minutes,Balance,Yes,,,
Weighted Muscle-Up,Back,,Compound,Bilateral,Lats,Biceps,"Rear Delts, Upper Traps",,3,48-72 hours,Low,Highly Unstable,Moderate,Poor,No,Balanced,Bodyweight,No,Very High,3.5-5 minutes,Balance,Yes,,,
"Seated Cable Row, Wide Grip",Back,,Compound,Bilateral,"Rear Delts, Mid Back",Upper Traps:0.25,Biceps,,3,48-72 hours,High,Stable,Excellent,Good,Yes,Balanced,Cable,No,Low,3.5-5 minutes,Target Muscle,,,,
Seated Row Machine,Back,,Compound,Bilateral,Mid Back,Biceps,"Rear Delts, Upper Traps",,3,36-60 hours,High,Very Stable,Excellent,Good,Partial,Balanced,Machine,No,Moderate,3-4 minutes,Target Muscle,,"Elbow flare determines bias: tucked = Lats, flared = Upper Back/Rear Delts.",,
"Chest Supported Row Machine, Wide Grip",Back,,Compound,Bilateral,"Rear Delts, Mid Back",Upper Traps:0.25,Biceps,,3,48-72 hours,High,Very Stable,Excellent,Good,Partial,Balanced,Machine,No,Low,3.5-5 minutes,Target Muscle,,,,
"Chest Supported Row Machine, Overhand Grip",Back,,Compound,Bilateral,"Mid Back, Upper Traps:0.25","Rear Delts, Lats",Biceps,,3,48-72 hours,High,Very Stable,Excellent,Good,Partial,Balanced,Machine,No,Low,3.5-5 minutes,Target Muscle,,,,
Seated Cable Row,Back,,Compound,Can Be Both,Mid Back,Biceps,"Rear Delts, Upper Traps",,3,48-72 hours,High,Stable,High,Good,Partial,Balanced,Cable,No,Moderate,3.5-5 minutes,Target Muscle,,"Elbow flare determines bias: tucked = Lats, flared = Upper Back/Rear Delts.",,
T-Bar Row,Back,,Compound,Bilateral,"Mid Back, Lats:0.5","Upper Traps:0.25, Rear Delts","Biceps, Spinal Erectors",,3,48-72 hours,Very High,Moderate,Excellent,Average,Partial,Shortened Bias,Free Weight,No,Moderate,3.5-5 minutes,Target Muscle,,High mechanical tension,,
Close Grip Cable Row,Back,,Compound,Can Be Both,Mid Back,Biceps,"Rear Delts, Upper Traps",,3,48-72 hours,High,Stable,High,Good,Partial,Balanced,Cable,No,Moderate,3.5-5 minutes,Target Muscle,,"Elbow flare determines bias: tucked = Lats, flared = Upper Back/Rear Delts.",,
"Chest Supported Barbell Row, Overhand Grip",Back,,Compound,Bilateral,"Mid Back, Upper Traps:0.25","Rear Delts, Lats",Biceps,,3,48-72 hours,High,Stable,Excellent,Good,No,Shortened Bias,Free Weight,No,Low,3.5-5 minutes,Target Muscle,,Zero axial loading,,
Chest Supported T-Bar Row,Back,,Compound,Bilateral,Mid Back,Lats,"Rear Delts, Upper Traps",,3,48-72 hours,High,Stable,Excellent,Average,Partial,Shortened Bias,Free Weight,No,Moderate,3.5-5 minutes,Target Muscle,,"Elbow flare determines bias: tucked = Lats, flared = Upper Back/Rear Delts.",,
Barbell Bent Over Row,Back,,Compound,Bilateral,Mid Back,Lats,"Rear Delts, Upper Traps",,3,48-72 hours,Very High,Moderate,High,Average,Partial,Shortened Bias,Free Weight,No,Moderate,3.5-5 minutes,Target Muscle,,"Elbow flare determines bias: tucked = Lats, flared = Upper Back/Rear Delts.",,
"Bent Over Dumbbell Row, Overhand Grip",Back,,Compound,Bilateral,"Mid Back, Lats:0.5","Upper Traps:0.25, Rear Delts","Biceps, Spinal Erectors",,3,48-72 hours,High,Moderate,High,Good,No,Shortened Bias,Free Weight,No,Moderate,3.5-5 minutes,Target Muscle,,,,
"Inverted Row, Overhand Grip",Back,,Compound,Bilateral,"Mid Back, Upper Traps:0.25","Rear Delts, Lats","Biceps, Rectus Abdominis",,2,24-48 hours,Low,Moderate,High,Good,No,Balanced,Bodyweight,No,Low,2-3 minutes,Load Cap,,,,
"TRX Row, Overhand Grip",Back,,Compound,Bilateral,"Mid Back, Upper Traps:0.25","Rear Delts, Lats","Biceps, Rectus Abdominis",,2,24-48 hours,Low,Moderate,Moderate,Good,No,Balanced,Bodyweight,No,Low,2-3 minutes,Load Cap,,,,
Weighted Roman Chair Back Extension,Back,,Compound,Bilateral,Spinal Erectors,"Glute Max, Hamstrings",,,3,48-72 hours,High,Stable,Excellent,Good,Yes,Lengthened Bias,Machine,No,Moderate,3-4 minutes,Target Muscle,,"Use a barbell across shoulders or hold a plate/dumbbell. Focus on spinal extension/flexion for erectors, or keep spine rigid to bias glutes/hamstrings.",,
Deadlift,Back,,Compound,Bilateral,Full Back,"Glute Max, Hamstrings",Upper Traps,,5,72-120 hours,Very High,Moderate,High,Poor,No,Balanced,Free Weight,Yes,High,4-7 minutes,Target Muscle,,,,
"Overhead Press - Machine, Wide Grip",Shoulders,,Compound,Bilateral,"Front Delts, Side Delts",Triceps,Upper Chest,,2,24-48 hours,High,Very Stable,Excellent,Excellent,No,Balanced,Machine,No,Low,2-3 minutes,Target Muscle,,Allows pushing closer to failure safely,,
"Overhead Press - Machine, Narrow Grip",Shoulders,,Compound,Bilateral,Front Delts,Triceps,Upper Chest,,2,24-48 hours,High,Very Stable,Excellent,Excellent,No,Balanced,Machine,No,Low,2-3 minutes,Target Muscle,,Allows pushing closer to failure safely,,
Overhead Press - Smith Machine,Shoulders,,Compound,Bilateral,Front Delts,Side Delts,Triceps,,3,36-60 hours,Very High,Very Stable,Excellent,Good,No,Balanced,Machine,No,Moderate,3-4 minutes,Target Muscle,,,,
Cable Front Raise,Shoulders,,Isolation,Can Be Both,Front Delts,Upper Chest,Side Delts,,1,24-48 hours,Moderate,Stable,High,Excellent,No,Balanced,Cable,No,Low,2-3 minutes,Target Muscle,,,,
Overhead Press - Lever,Shoulders,,Compound,Bilateral,Front Delts,Side Delts,Triceps,,3,36-60 hours,High,Very Stable,Excellent,Good,No,Balanced,Machine,No,Moderate,3-4 minutes,Target Muscle,,,,
Barbell Front Raise,Shoulders,,Isolation,Bilateral,Front Delts,Upper Chest,Side Delts,,1,24-48 hours,Very High,Moderate,High,Good,No,Shortened Bias,Free Weight,No,Low,2-3 minutes,Target Muscle,,,,
Landmine Press - Half-Kneeling,Shoulders,,Compound,Unilateral,"Front Delts, Upper Chest",Triceps,Rectus Abdominis,,2,24-48 hours,High,Stable,Excellent,Excellent,No,Balanced,Free Weight,No,Low,2-3 minutes,Target Muscle,,Excellent for strict tension,,
Overhead Press - Seated Barbell,Shoulders,,Compound,Bilateral,Front Delts,"Upper Chest, Triceps",Side Delts,,4,48-72 hours,Very High,Stable,Excellent,Good,No,Balanced,Free Weight,Yes,Moderate,4-6 minutes,Target Muscle,,,,
Seated Dumbbell Front Raise,Shoulders,,Isolation,Can Be Both,Front Delts,Upper Chest,Side Delts,,1,24-48 hours,Moderate,Stable,High,Excellent,No,Shortened Bias,Free Weight,No,Low,2-3 minutes,Target Muscle,,Eliminates momentum,,
Overhead Press - Seated Dumbbell,Shoulders,,Compound,Bilateral,Front Delts,"Side Delts, Upper Chest",Triceps,,4,48-72 hours,High,Moderate,Excellent,Good,No,Balanced,Free Weight,Yes,Moderate,4-6 minutes,Target Muscle,,,,
Banded Front Raise,Shoulders,,Isolation,Can Be Both,Front Delts,Upper Chest,Side Delts,,1,24-48 hours,Moderate,Moderate,High,Good,No,Shortened Bias,Resistance Band,No,Low,2-3 minutes,Target Muscle,,,,
Dumbbell Front Raise,Shoulders,,Isolation,Can Be Both,Front Delts,Upper Chest,Side Delts,,1,24-48 hours,Moderate,Moderate,High,Good,No,Shortened Bias,Free Weight,No,Low,2-3 minutes,Target Muscle,,,,
Landmine Press - Standing,Shoulders,,Compound,Unilateral,"Front Delts, Upper Chest",Triceps,Rectus Abdominis,,2,24-48 hours,High,Moderate,High,Good,No,Balanced,Free Weight,No,Moderate,2-3 minutes,Target Muscle,,,,
Overhead Press - Dumbbell,Shoulders,,Compound,Can Be Both,Front Delts,Side Delts,Triceps,,3,48-72 hours,High,Moderate,High,Average,No,Balanced,Free Weight,No,Moderate,3.5-5 minutes,Target Muscle,,,,
"Overhead Press - Seated Dumbbell, Neutral Grip",Shoulders,,Compound,Bilateral,Front Delts,Triceps,Upper Chest,,4,48-72 hours,High,Moderate,High,Good,No,Balanced,Free Weight,Yes,Moderate,4-6 minutes,Target Muscle,,,,
Pike Push-Up,Shoulders,,Compound,Bilateral,Front Delts,Triceps,Upper Chest,,1,24-48 hours,Low,Moderate,High,Average,No,Balanced,Bodyweight,No,Moderate,2-3 minutes,Load Cap,,,,
Overhead Press - Standing Barbell,Shoulders,,Compound,Bilateral,Front Delts,"Upper Chest, Triceps","Side Delts, Rectus Abdominis",,4,48-72 hours,Very High,Unstable,High,Average,No,Balanced,Free Weight,Yes,High,4-6 minutes,Target Muscle,,,,
Overhead Press - Banded,Shoulders,,Compound,Bilateral,Front Delts,"Side Delts, Triceps",Upper Chest,,1,24-48 hours,Moderate,Moderate,Moderate,Average,No,Balanced,Resistance Band,No,Low,2-3 minutes,Load Cap,,,,
"Overhead Press - Seated Barbell, Behind The Neck",Shoulders,,Compound,Bilateral,"Front Delts, Side Delts","Triceps, Rear Delts",Upper Traps,,4,48-72 hours,High,Moderate,High,Average,No,Balanced,Free Weight,Yes,High,4-6 minutes,Target Muscle,,Requires good shoulder mobility,,
Overhead Press - Standing Dumbbell,Shoulders,,Compound,Bilateral,Front Delts,"Side Delts, Upper Chest","Triceps, Rectus Abdominis",,4,48-72 hours,High,Unstable,High,Average,No,Balanced,Free Weight,Yes,High,4-6 minutes,Target Muscle,,,,
Pike Hold,Shoulders,,Isometric,Bilateral,Front Delts,Triceps,Rectus Abdominis,,1,24-48 hours,Low,Moderate,Moderate,Average,No,Balanced,Bodyweight,No,Moderate,2-3 minutes,Load Cap,,Good baseline progression for learning freestanding handstands,,
"Overhead Press - Standing Barbell, Behind The Neck",Shoulders,,Compound,Bilateral,"Front Delts, Side Delts","Triceps, Rear Delts","Upper Traps, Rectus Abdominis",,4,48-72 hours,High,Unstable,High,Poor,No,Balanced,Free Weight,Yes,Very High,4-6 minutes,Target Muscle,,High mobility requirement,,
Cable Lateral Raise,Shoulders,,Isolation,Can Be Both,Side Delts,Upper Traps,Rear Delts,,1,24-48 hours,Moderate,Stable,High,Excellent,Partial,Balanced,Cable,No,Low,2-3 minutes,Target Muscle,,Lean slightly forward to better align Side Delts against gravity.,,
"Overhead Press - Smith Machine, Behind The Neck",Shoulders,,Compound,Bilateral,Side Delts,"Front Delts, Rear Delts",Triceps,,3,36-60 hours,Very High,Very Stable,Excellent,Good,No,Balanced,Machine,No,Moderate,3-4 minutes,Target Muscle,,,,
Dumbbell Chest Supported Lateral Raise,Shoulders,,Isolation,Can Be Both,Side Delts,Rear Delts,Upper Traps,,1,24-48 hours,Moderate,Stable,Excellent,Good,Partial,Shortened Bias,Free Weight,No,Low,2-3 minutes,Target Muscle,,Lean slightly forward to better align Side Delts against gravity.,,
Seated Dumbbell Lateral Raise,Shoulders,,Isolation,Can Be Both,Side Delts,Upper Traps,Rear Delts,,1,24-48 hours,Moderate,Stable,High,Good,Partial,Shortened Bias,Free Weight,No,Low,2-3 minutes,Target Muscle,,Lean slightly forward to better align Side Delts against gravity.,,
Banded Lateral Raise,Shoulders,,Isolation,Can Be Both,Side Delts,Upper Traps,Rear Delts,,1,24-48 hours,Moderate,Moderate,High,Good,No,Shortened Bias,Resistance Band,No,Low,2-3 minutes,Target Muscle,,Constant band tension; strong at-home side-delt builder,,
Incline Dumbbell Side Lateral Raise,Shoulders,,Isolation,Unilateral,Side Delts,Rear Delts,Upper Traps,,1,24-48 hours,Moderate,Moderate,High,Good,Partial,Shortened Bias,Free Weight,No,Low,2-3 minutes,Target Muscle,,Lean slightly forward to better align Side Delts against gravity.,,
Banded Upright Row,Shoulders,,Compound,Bilateral,Side Delts,Upper Traps,Front Delts,,1,24-48 hours,Moderate,Moderate,Moderate,Average,No,Shortened Bias,Resistance Band,No,Low,2-3 minutes,Load Cap,,,,
Rear Delt Fly Machine,Shoulders,,Isolation,Can Be Both,Rear Delts,Side Delts,Upper Traps,,1,24-48 hours,High,Very Stable,Excellent,Excellent,No,Balanced,Machine,No,Moderate,2-3 minutes,Target Muscle,,,,
Chest-Supported Dumbbell Reverse Fly,Shoulders,,Isolation,Can Be Both,Rear Delts,"Upper Traps, Rhomboids",,,1,24-48 hours,Moderate,Stable,Excellent,Excellent,No,Lengthened Bias,Free Weight,No,Low,2-3 minutes,Target Muscle,,Highly stable for maximal mechanical tension,,
Cable Rear Delt Fly,Shoulders,,Isolation,Can Be Both,Rear Delts,Side Delts,Upper Traps,,1,24-48 hours,Moderate,Stable,High,Excellent,No,Balanced,Cable,No,Moderate,2-3 minutes,Target Muscle,,,,
Banded Rear Delt Fly,Shoulders,,Isolation,Can Be Both,Rear Delts,Side Delts,Upper Traps,,1,24-48 hours,Moderate,Moderate,High,Good,No,Balanced,Resistance Band,No,Low,2-3 minutes,Target Muscle,,,,
Seated Rear Lateral Dumbbell Raise,Shoulders,,Isolation,Can Be Both,Rear Delts,Side Delts,Upper Traps,,1,24-48 hours,Moderate,Stable,High,Good,No,Shortened Bias,Free Weight,No,Low,2-3 minutes,Target Muscle,,,,
Face Pull,Shoulders,,Isolation,Bilateral,Rear Delts,Upper Traps,Rotator Cuff,,2,24-48 hours,Moderate,Stable,Low,Good,No,Balanced,Cable,No,Moderate,2 minutes,Target Muscle,,,,
Dumbbell Bent-Over Reverse Fly,Shoulders,,Isolation,Can Be Both,Rear Delts,Upper Traps,Rhomboids,,1,24-48 hours,Moderate,Unstable,High,Average,No,Lengthened Bias,Free Weight,No,Moderate,2-3 minutes,Target Muscle,,,,
Lever Preacher Curl,Arms,Biceps,Isolation,Bilateral,Biceps,Brachioradialis,,,1,24-48 hours,High,Very Stable,Excellent,Excellent,Partial,Lengthened Bias,Machine,No,Low,2-3 minutes,Target Muscle,,,,
Lever Biceps Curl,Arms,Biceps,Isolation,Bilateral,Biceps,Brachioradialis,,,1,24-48 hours,High,Very Stable,Excellent,Excellent,Partial,Balanced,Machine,No,Low,2-3 minutes,Target Muscle,,,,
H Bar Preacher Curl,Arms,Biceps,Isolation,Bilateral,Biceps,Brachialis,,,1,24-48 hours,High,Very Stable,Excellent,Excellent,No,Balanced,Free Weight,No,Low,2-3 minutes,Target Muscle,,,,
Preacher Curl Machine,Arms,Biceps,Isolation,Can Be Both,Biceps,Brachialis,,,1,24-48 hours,High,Very Stable,Excellent,Excellent,No,Balanced,Machine,No,Low,2-3 minutes,Target Muscle,,,,
Dumbbell Hammer Preacher Curl,Arms,Biceps,Isolation,Can Be Both,"Brachialis, Brachioradialis",Biceps,,,1,24-48 hours,High,Very Stable,Excellent,Excellent,No,Balanced,Free Weight,No,Low,2-3 minutes,Target Muscle,,,,
Barbell Curl,Arms,Biceps,Isolation,Bilateral,Biceps,Brachioradialis,,,1,24-48 hours,Very High,Moderate,High,Good,Partial,Balanced,Free Weight,No,Low,2-3 minutes,Target Muscle,,,,
Cable Curl,Arms,Biceps,Isolation,Can Be Both,Biceps,Brachioradialis,,,1,24-48 hours,Moderate,Stable,High,Excellent,Partial,Balanced,Cable,No,Low,2-3 minutes,Target Muscle,,,,
Seated Incline Dumbbell Curl,Arms,Biceps,Isolation,Can Be Both,Biceps,Brachioradialis,,,1,24-48 hours,Moderate,Stable,High,Excellent,Yes,Balanced,Free Weight,No,Low,2-3 minutes,Target Muscle,,,,
Lying Cable Curl,Arms,Biceps,Isolation,Can Be Both,Biceps,Brachioradialis,,,1,24-48 hours,Moderate,Stable,High,Excellent,Partial,Balanced,Cable,No,Low,2-3 minutes,Target Muscle,,,,
EZ Bar Preacher Curl,Arms,Biceps,Isolation,Bilateral,Biceps,Brachioradialis,,,1,24-48 hours,Moderate,Moderate,High,Excellent,Partial,Lengthened Bias,Free Weight,No,Low,2-3 minutes,Target Muscle,,,,
Dumbbell Preacher Curl,Arms,Biceps,Isolation,Can Be Both,Biceps,Brachioradialis,,,1,24-48 hours,Moderate,Moderate,High,Excellent,Partial,Lengthened Bias,Free Weight,No,Low,2-3 minutes,Target Muscle,,,,
Cable Rope Hammer Curl,Arms,Biceps,Isolation,Bilateral,Brachialis,Biceps,Brachioradialis,,1,24-48 hours,Moderate,Stable,High,Excellent,Partial,Balanced,Cable,No,Low,2-3 minutes,Target Muscle,,,,
Two Dumbbell Preacher Curl,Arms,Biceps,Isolation,Bilateral,Biceps,Brachioradialis,,,1,24-48 hours,Moderate,Moderate,High,Excellent,Partial,Lengthened Bias,Free Weight,No,Low,2-3 minutes,Target Muscle,,,,
Prone Incline Barbell Curl (Spider Curl),Arms,Biceps,Isolation,Bilateral,Biceps,Brachioradialis,,,1,24-48 hours,Very High,Stable,High,Good,Partial,Balanced,Free Weight,No,Low,2-3 minutes,Target Muscle,,,,
Z-Bar Curl,Arms,Biceps,Isolation,Bilateral,Biceps,Brachioradialis,,,1,24-48 hours,Moderate,Moderate,High,Good,Partial,Balanced,Free Weight,No,Low,2-3 minutes,Target Muscle,,,,
Hammer Curl,Arms,Biceps,Isolation,Bilateral,Brachialis,Biceps,Brachioradialis,,1,24-48 hours,Moderate,Moderate,High,Good,Partial,Balanced,Free Weight,No,Low,2-3 minutes,Target Muscle,,,,
Dumbbell Curl,Arms,Biceps,Isolation,Can Be Both,Biceps,Brachioradialis,,,1,24-48 hours,Moderate,Moderate,High,Good,Partial,Balanced,Free Weight,No,Low,2-3 minutes,Target Muscle,,,,
Concentration Curl,Arms,Biceps,Isolation,Unilateral,Biceps,Brachialis,,,1,24-48 hours,Moderate,Stable,Excellent,Excellent,No,Shortened Bias,Free Weight,No,Low,2-3 minutes,Target Muscle,,,,
Overhand Grip Straight Bar Preacher Curl,Arms,Biceps,Isolation,Bilateral,"Brachialis, Brachioradialis",,,,1,24-48 hours,Moderate,Very Stable,High,Good,No,Balanced,Free Weight,No,Low,2-3 minutes,Target Muscle,,,,
Bicep Curl With Bands,Arms,Biceps,Isolation,Bilateral,Biceps,Brachialis,,,1,24-48 hours,Moderate,Moderate,Moderate,Good,No,Balanced,Resistance Band,No,Low,2-3 minutes,Target Muscle,,,,
H Bar Skull Crusher,Arms,Triceps,Isolation,Bilateral,Triceps,,,,2,24-48 hours,High,Stable,Excellent,Excellent,Yes,Balanced,Free Weight,No,Moderate,2-3 minutes,Target Muscle,,,,
H Bar Skull Crusher Behind Head,Arms,Triceps,Isolation,Bilateral,Triceps,,,,2,24-48 hours,High,Stable,Excellent,Excellent,Yes,Balanced,Free Weight,No,Moderate,2-3 minutes,Target Muscle,,,,
Lever Triceps Extension,Arms,Triceps,Isolation,Bilateral,Triceps,,,,1,24-48 hours,High,Very Stable,Excellent,Excellent,No,Balanced,Machine,No,Low,2-3 minutes,Target Muscle,,,,
Standing EZ Bar Overhead Tricep Extensions,Arms,Triceps,Isolation,Bilateral,Triceps,,,,2,24-48 hours,High,Moderate,Excellent,Excellent,Yes,Lengthened Bias,Free Weight,No,Moderate,2-3 minutes,Target Muscle,,,,
Triceps Dip Machine,Arms,Triceps,Compound,Bilateral,Triceps,Middle Chest,Front Delts,,1,24-48 hours,High,Very Stable,Excellent,Excellent,No,Balanced,Machine,No,Moderate,3-4 minutes,Target Muscle,,,,
Triceps Press Machine,Arms,Triceps,Compound,Bilateral,Triceps,"Middle Chest, Front Delts",,,2,24-48 hours,High,Very Stable,Excellent,Excellent,No,Balanced,Machine,No,Low,2-3 minutes,Target Muscle,,,,
Seated EZ-Bar Overhead Triceps Extension,Arms,Triceps,Isolation,Bilateral,Triceps,,,,1,24-48 hours,Moderate,Stable,High,Excellent,Yes,Lengthened Bias,Free Weight,No,Low,2-3 minutes,Target Muscle,,,,
Cable Rope Overhead Triceps Extension,Arms,Triceps,Isolation,Can Be Both,Triceps,,,,1,24-48 hours,Moderate,Stable,High,Excellent,Yes,Balanced,Cable,No,Low,2-3 minutes,Target Muscle,,,,
EZ Bar Skull Crusher,Arms,Triceps,Isolation,Bilateral,Triceps,,,,1,24-48 hours,Moderate,Moderate,High,Excellent,Yes,Balanced,Free Weight,No,Moderate,2-3 minutes,Target Muscle,,,,
Dumbbell Skull Crusher,Arms,Triceps,Isolation,Can Be Both,Triceps,,,,1,24-48 hours,Moderate,Moderate,High,Excellent,Yes,Balanced,Free Weight,No,Moderate,2-3 minutes,Target Muscle,,,,
Lying Barbell Triceps Extension,Arms,Triceps,Isolation,Bilateral,Triceps,,,,1,24-48 hours,Very High,Stable,High,Good,No,Balanced,Free Weight,No,Low,2-3 minutes,Target Muscle,,,,
Cuffed Triceps Extension,Arms,Triceps,Isolation,Can Be Both,Triceps,,,,1,24-48 hours,Moderate,Stable,High,Excellent,No,Balanced,Cable,No,Low,2-3 minutes,Target Muscle,,"Wrist cuff attachment instead of a handle, so grip is not the limiter. Upper arm stays at the side; the overhead version is Cable One-Arm Overhead Triceps Extension.",,
Push-down - Rope,Arms,Triceps,Isolation,Can Be Both,Triceps,,,,1,24-48 hours,Moderate,Stable,High,Excellent,No,Balanced,Cable,No,Moderate,2-3 minutes,Target Muscle,,,,
Barbell JM Press,Arms,Triceps,Compound,Bilateral,Triceps,Middle Chest,Front Delts,,2,24-48 hours,Very High,Moderate,High,Good,No,Balanced,Free Weight,No,Moderate,3.5-5 minutes,Target Muscle,,,,
Cable One-Arm Overhead Triceps Extension,Arms,Triceps,Isolation,Unilateral,Triceps,,,,1,24-48 hours,Moderate,Stable,High,Excellent,Yes,Balanced,Cable,No,Low,2-3 minutes,Target Muscle,,,,
Push-down - Straight Bar,Arms,Triceps,Isolation,Can Be Both,Triceps,,,,1,24-48 hours,Moderate,Stable,High,Excellent,No,Balanced,Cable,No,Moderate,2-3 minutes,Target Muscle,,,,
Barbell Lying Back of the Head Tricep Extension,Arms,Triceps,Isolation,Bilateral,Triceps,,,,1,24-48 hours,Very High,Stable,High,Good,No,Balanced,Free Weight,No,Low,2-3 minutes,Target Muscle,,,,
Seated Overhead Tricep Extensions With Bands,Arms,Triceps,Isolation,Bilateral,Triceps,,,,2,24-48 hours,Moderate,Stable,Moderate,Good,Yes,Lengthened Bias,Resistance Band,No,Low,2-3 minutes,Target Muscle,,,,
Seated Dumbbell Triceps Extension,Arms,Triceps,Isolation,Can Be Both,Triceps,,,,1,24-48 hours,Moderate,Stable,High,Good,No,Balanced,Free Weight,No,Low,2-3 minutes,Target Muscle,,,,
Triceps Dips,Arms,Triceps,Compound,Bilateral,Triceps,Middle Chest,Front Delts,,2,24-48 hours,Moderate,Moderate,High,Good,No,Balanced,Bodyweight,No,Moderate,3.5-5 minutes,Load Cap,,,,
Assisted Triceps Dips,Arms,Triceps,Compound,Bilateral,Triceps,Middle Chest,Front Delts,,2,24-48 hours,Moderate,Moderate,High,Good,No,Balanced,Free Weight,No,Moderate,3.5-5 minutes,Load Cap,,,,
Bench Dips,Arms,Triceps,Compound,Bilateral,Triceps,"Middle Chest, Front Delts",,,2,24-48 hours,Moderate,Moderate,High,Average,No,Balanced,Bodyweight,No,Moderate,2-3 minutes,Load Cap,,,,
Dumbbell Tricep Kick Back Incline Prone,Arms,Triceps,Isolation,Can Be Both,Triceps,,,,1,24-48 hours,Moderate,Stable,Moderate,Average,Yes,Shortened Bias,Free Weight,No,Low,2-3 minutes,Target Muscle,,,,
Preacher Dumbbell Wrist Curl,Arms,Forearms,Isolation,Can Be Both,Wrist Flexors,,,,1,24-48 hours,Moderate,Very Stable,High,Excellent,Yes,Lengthened Bias,Free Weight,No,Low,2 minutes,Target Muscle,,Bench provides external stability for strict isolation of the flexors.,,
Preacher Dumbbell Reverse Wrist Curl,Arms,Forearms,Isolation,Can Be Both,Wrist Extensors,Brachioradialis:0.3,,,1,24-48 hours,Moderate,Very Stable,High,Excellent,Yes,Lengthened Bias,Free Weight,No,Low,2 minutes,Target Muscle,,Bench provides external stability for strict isolation of the extensors.,,
Barbell Reverse Curl,Arms,Forearms,Isolation,Bilateral,"Brachioradialis, Brachialis",Biceps,,,1,24-48 hours,Very High,Moderate,High,Good,Partial,Balanced,Free Weight,No,Low,2 minutes,Target Muscle,,,,
Cable Reverse Curl,Arms,Forearms,Isolation,Can Be Both,"Brachioradialis, Brachialis",Biceps,,,1,24-48 hours,Moderate,Stable,High,Excellent,Partial,Balanced,Cable,No,Low,2 minutes,Target Muscle,,,,
Barbell Reverse Wrist Curl,Arms,Forearms,Isolation,Bilateral,Wrist Extensors,,,,1,24-48 hours,Very High,Moderate,High,Good,Partial,Balanced,Free Weight,No,Low,2 minutes,Target Muscle,,,,
Cable Wrist Curl,Arms,Forearms,Isolation,Can be both,Wrist Flexors,,,,1,24-48 hours,Moderate,Moderate,High,Good,Partial,Balanced,Cable,No,Low,2 minutes,Target Muscle,,,,
Dumbbell Wrist Curl,Arms,Forearms,Isolation,Can Be Both,Wrist Flexors,,,,1,24-48 hours,Moderate,Moderate,High,Good,Partial,Balanced,Free Weight,No,Low,2 minutes,Target Muscle,,,,
Dumbbell Reverse Curl,Arms,Forearms,Isolation,Can Be Both,"Brachioradialis, Brachialis",Biceps,,,1,24-48 hours,Moderate,Moderate,High,Good,Partial,Balanced,Free Weight,No,Low,2 minutes,Target Muscle,,,,
Seated One Arm Forearm Cable Curls,Arms,Forearms,Isolation,Unilateral,Wrist Flexors,Deep Finger Flexors:0.6,,,1,24-48 hours,Moderate,Stable,High,Excellent,Partial,Balanced,Cable,No,Low,2 minutes,Target Muscle,,,,
Resisted Band Pronation,Arms,Forearms,Isolation,Unilateral,Pronators,,"Wrist Flexors, Wrist Extensors, Brachioradialis",,1,24-48 hours,Moderate,Stable,High,Good,Partial,Balanced,Resistance Band,no,Low,2 minutes,Target Muscle,,,,
Resisted Band Supination,Arms,Forearms,Isolation,Unilateral,Supinator,Biceps:0.75,"Wrist Flexors, Wrist Extensors",,1,24-48 hours,Moderate,Stable,High,Good,Partial,Balanced,Resistance Band,no,Low,2 minutes,Target Muscle,,,,
Seated One Arm Forearm Reverse Curls,Arms,Forearms,Isolation,Unilateral,"Brachioradialis:0.9, Brachialis:0.8",Wrist Extensors:0.5,,,1,24-48 hours,Moderate,Stable,High,Excellent,Partial,Balanced,Free Weight,No,Low,2 minutes,Target Muscle,,,,
Reverse Grip Bicep Curl With Bands,Arms,Forearms,Isolation,Bilateral,"Brachioradialis, Brachialis",Biceps,,,1,24-48 hours,Moderate,Moderate,Moderate,Good,No,Balanced,Resistance Band,No,Low,2-3 minutes,Target Muscle,,,,
Cable Upright Row,Neck and Traps,,Compound,Can Be Both,Upper Traps,"Side Delts:0.75, Biceps",Mid Traps,,3,48-72 hours,High,Stable,High,Good,Partial,Balanced,Cable,No,Moderate,3.5-5 minutes,Target Muscle,,"Elbow flare determines bias: tucked = Lats, flared = Upper Back/Rear Delts.",,
Barbell Shrug,Neck and Traps,,Isolation,Bilateral,Upper Traps,Brachioradialis,Mid Traps,,1,24-48 hours,Very High,Moderate,Moderate,Good,No,Balanced,Free Weight,No,Moderate,2-3 minutes,Target Muscle,,,,
Barbell Upright Row,Neck and Traps,,Compound,Bilateral,Upper Traps,"Side Delts:0.75, Biceps",Mid Traps,,3,48-72 hours,Very High,Moderate,High,Average,Partial,Shortened Bias,Free Weight,No,Moderate,3.5-5 minutes,Target Muscle,,"Elbow flare determines bias: tucked = Lats, flared = Upper Back/Rear Delts.",,
Dumbbell Incline T-Raise,Neck and Traps,,Isolation,Can Be Both,Mid Traps,"Rear Delts, Lower Traps","Rhomboids, Upper Traps",,1,24-48 hours,Moderate,Moderate,High,Good,No,Shortened Bias,Free Weight,No,Low,2-3 minutes,Target Muscle,,,,
Incline Dumbbell Y-Raise,Neck and Traps,,Isolation,Can Be Both,Lower Traps,"Rear Delts, Mid Traps, Upper Traps",,,1,24-48 hours,Moderate,Moderate,High,Good,No,Shortened Bias,Free Weight,No,Low,2-3 minutes,Target Muscle,,,,
Kelso Shrug,Neck and Traps,,Isolation,Bilateral,"Mid Traps, Rhomboids",,"Upper Traps, Lower Traps, Rear Delts",,1,24-48 hours,Moderate,Stable,Moderate,Good,No,Balanced,Free Weight,No,Moderate,2-3 minutes,Target Muscle,,,,
EZ Bar Upright Row,Neck and Traps,,Compound,Bilateral,Upper Traps,"Side Delts:0.75, Biceps",Mid Traps,,3,48-72 hours,High,Moderate,High,Average,Partial,Shortened Bias,Free Weight,No,Moderate,3.5-5 minutes,Target Muscle,,"Elbow flare determines bias: tucked = Lats, flared = Upper Back/Rear Delts.",,
Dumbbell Upright Row,Neck and Traps,,Compound,Can Be Both,Upper Traps,"Side Delts:0.75, Biceps",Mid Traps,,3,48-72 hours,High,Moderate,High,Average,Partial,Shortened Bias,Free Weight,No,Moderate,3.5-5 minutes,Target Muscle,,"Elbow flare determines bias: tucked = Lats, flared = Upper Back/Rear Delts.",,
Banded Shrug,Neck and Traps,,Isolation,Bilateral,Upper Traps,,Mid Traps,,1,24-48 hours,Moderate,Moderate,Moderate,Good,No,Shortened Bias,Resistance Band,No,Low,2-3 minutes,Load Cap,,Constant band tension through the shrug; a home/travel substitute for a loaded shrug,,
Dumbbell Shrug,Neck and Traps,,Isolation,Bilateral,Upper Traps,Brachioradialis,Mid Traps,,1,24-48 hours,Moderate,Moderate,Moderate,Good,No,Balanced,Free Weight,No,Moderate,2-3 minutes,Target Muscle,,,,
Crunch Machine,Core,,Isolation,Bilateral,Rectus Abdominis,Obliques,Transverse Abdominis,,1,24-48 hours,High,Very Stable,Excellent,Excellent,No,Balanced,Machine,No,Moderate,2 minutes,Target Muscle,,,,
Kneeling Cable Crunch,Core,,Isolation,Bilateral,Rectus Abdominis,Obliques,Transverse Abdominis,,1,24-48 hours,Moderate,Stable,High,Excellent,No,Balanced,Cable,No,Moderate,2 minutes,Target Muscle,,,,
Leg Raises,Core,,Isolation,Bilateral,Hip Flexors,Rectus Abdominis,Obliques,,1,24-48 hours,Moderate,Moderate,High,Good,No,Shortened Bias,Bodyweight,No,Low,2 minutes,Target Muscle,,,,
Hanging Knee Raise,Core,,Isolation,Bilateral,Rectus Abdominis,Hip Flexors,,,2,24-48 hours,Moderate,Unstable,High,Good,Yes,Shortened Bias,Bodyweight,No,Moderate,2 minutes,Target Muscle,,Focus on posterior pelvic tilt (curling the pelvis up) rather than just flexing the hips.,,
Decline Crunches,Core,,Isolation,Bilateral,Rectus Abdominis,Obliques,Hip Flexors,,1,24-48 hours,Moderate,Moderate,High,Good,No,Balanced,Bodyweight,No,Moderate,2 minutes,Target Muscle,,,,
Toes to Bar,Core,,Isolation,Bilateral,Rectus Abdominis,Hip Flexors,Lats,,3,24-48 hours,Low,Unstable,High,Average,Yes,Balanced,Bodyweight,No,High,2-3 minutes,Target Muscle,,Requires lat strength to stabilize the swing. Great deep stretch for the lower abs.,,
Plank,Core,,Isometric,Bilateral,"Rectus Abdominis, Transverse Abdominis",Obliques,"Front Delts, Hip Flexors",,1,24-48 hours,Low,Moderate,Moderate,Average,No,Balanced,Bodyweight,No,Low,2 minutes,Target Muscle,,Time-based hold; progress with longer holds or a plate on the back,,
Dragon Flag,Core,,Isolation,Bilateral,Rectus Abdominis,Hip Flexors,Obliques,,2,24-48 hours,Low,Moderate,Moderate,Good,No,Balanced,Bodyweight,No,Very High,2 minutes,Target Muscle,,,,
Decline Russian Twist,Core,,Isolation,Bilateral,Obliques,Rectus Abdominis,,,2,24-48 hours,Moderate,Stable,High,Excellent,Partial,Balanced,Free Weight,No,Moderate,2 minutes,Target Muscle,,Decline bench increases mechanical tension on the rectus abdominis while twisting.,,
Cable Obliques,Core,,Isolation,Unilateral,Obliques,Rectus Abdominis,Transverse Abdominis,,1,24-48 hours,Moderate,Stable,High,Excellent,No,Balanced,Cable,No,Moderate,2-3 minutes,Target Muscle,,,,
Russian Twist,Core,,Isolation,Bilateral,Obliques,Rectus Abdominis,,,1,24-48 hours,Moderate,Moderate,Moderate,Good,No,Balanced,Free Weight,No,Low,2 minutes,Target Muscle,,"Can be weighted. Focus on torso rotation, not just moving the hands.",,
Hack Squat,Legs,Quads,Compound,Bilateral,Quadriceps,"Glute Max, Abductors",,,4,48-72 hours,Very High,Very Stable,Excellent,Excellent,Yes,Lengthened Bias,Machine,No,Low,3-4 minutes,Target Muscle,,Stance width and depth dictate Glute vs Quad bias.,,
Hack Squat - Wide Stance,Legs,Quads,Compound,Bilateral,"Quadriceps, Adductors",Glute Max,,,4,48-72 hours,Very High,Very Stable,Excellent,Excellent,Yes,Lengthened Bias,Machine,No,Low,3-4 minutes,Target Muscle,,,,
Leg Press,Legs,Quads,Compound,Can Be Both,Quadriceps,"Glute Max, Abductors",,,4,48-72 hours,Very High,Very Stable,Excellent,Excellent,Partial,Balanced,Machine,No,Low,3.5-5 minutes,Target Muscle,,,,
Pendulum Squat,Legs,Quads,Compound,Bilateral,Quadriceps,"Glute Max, Abductors",,,5,48-72 hours,Very High,Very Stable,Excellent,Good,Yes,Lengthened Bias,Machine,No,Low,4-7 minutes,Target Muscle,,Stance width and depth dictate Glute vs Quad bias.,,
Leg Extension,Legs,Quads,Isolation,Can Be Both,Quadriceps,,,,1,24-48 hours,High,Very Stable,High,Excellent,No,Balanced,Machine,No,Low,2-3 minutes,Target Muscle,,,,
Barbell Back Squat Wide Stance,Legs,Quads,Compound,Bilateral,"Quadriceps, Adductors",Glute Max,Rectus Abdominis,,5,48-72 hours,Very High,Stable,Excellent,Good,Yes,Lengthened Bias,Free Weight,Yes,High,4-7 minutes,Target Muscle,,,,
Smith Machine Bulgarian Split Squat,Legs,Quads,Compound,Unilateral,"Quadriceps, Glute Max",Adductors,Rectus Abdominis,,4,48-72 hours,High,Very Stable,Excellent,Excellent,Yes,Lengthened Bias,Machine,No,Moderate,4-6 minutes,Target Muscle,,,,
Dumbbell Step Up,Legs,Quads,Compound,Unilateral,"Quadriceps, Glute Max",Adductors,Rectus Abdominis,,3,48-72 hours,High,Moderate,Excellent,Excellent,Yes,Balanced,Free Weight,No,Moderate,3-4 minutes,Balance,,,,
Belt Squat,Legs,Quads,Compound,Bilateral,Quadriceps,"Glute Max, Abductors",,,5,48-72 hours,Very High,Stable,High,Good,Partial,Lengthened Bias,Machine,No,Moderate,4-7 minutes,Target Muscle,,Stance width and depth dictate Glute vs Quad bias.,,
Barbell Front Squat Wide Stance,Legs,Quads,Compound,Bilateral,"Quadriceps, Adductors",Glute Max,Rectus Abdominis,,5,48-72 hours,High,Stable,Excellent,Good,Yes,Lengthened Bias,Free Weight,Yes,High,4-7 minutes,Target Muscle,,,,
Squat With Bands,Legs,Quads,Compound,Bilateral,Quadriceps,"Glute Max, Abductors",Rectus Abdominis,,1,24-48 hours,High,Stable,High,Good,No,Lengthened Bias,Resistance Band,No,Moderate,2-3 minutes,Load Cap,,,,
Dumbbell Bulgarian Split Squat,Legs,Quads,Compound,Unilateral,"Quadriceps, Glute Max",Adductors,Rectus Abdominis,,4,48-72 hours,High,Moderate,Excellent,Excellent,Yes,Lengthened Bias,Free Weight,No,High,4-6 minutes,Target Muscle,,,,
Barbell Front Squat,Legs,Quads,Compound,Bilateral,Quadriceps,"Glute Max, Abductors",Rectus Abdominis,,5,48-72 hours,High,Stable,High,Good,Yes,Lengthened Bias,Free Weight,Yes,High,4-7 minutes,Target Muscle,,,,
Barbell Zercher Squat,Legs,Quads,Compound,Bilateral,Quadriceps,"Glute Max, Adductors","Spinal Erectors, Rectus Abdominis","Upper Traps, Biceps",5,48-72 hours,High,Moderate,High,Good,Yes,Lengthened Bias,Free Weight,Yes,High,4-7 minutes,Target Muscle,,Elbow-crook loading; upper back and arms often limit the load before the legs do.,,
Smith Machine Lunge,Legs,Quads,Compound,Unilateral,"Quadriceps, Glute Max",Adductors,Rectus Abdominis,,2,24-48 hours,High,Very Stable,High,Good,No,Lengthened Bias,Machine,No,Low,2-3 minutes,Target Muscle,,,,
Box Squat Single Leg,Legs,Quads,Compound,Unilateral,"Quadriceps, Glute Max",Adductors,Rectus Abdominis,,3,48-72 hours,High,Moderate,Excellent,Good,Yes,Balanced,Free Weight,No,High,3-4 minutes,Balance,,,,
Smith Machine Squat,Legs,Quads,Compound,Bilateral,Quadriceps,"Glute Max, Abductors",,,5,48-72 hours,Very High,Very Stable,Excellent,Average,Partial,Balanced,Machine,Yes,High,3-4 minutes,Target Muscle,,Stance width and depth dictate Glute vs Quad bias.,,
Reverse Lunge With Bands,Legs,Quads,Compound,Unilateral,"Quadriceps, Glute Max",Adductors,Rectus Abdominis,,1,24-48 hours,High,Stable,High,Good,No,Lengthened Bias,Resistance Band,No,Moderate,2-3 minutes,Load Cap,,,,
Barbell Squat,Legs,Quads,Compound,Bilateral,Quadriceps,"Glute Max, Abductors",,,5,48-72 hours,Very High,Moderate,High,Average,Partial,Lengthened Bias,Free Weight,Yes,High,4-7 minutes,Target Muscle,,Stance width and depth dictate Glute vs Quad bias.,,
Sissy Squat,Legs,Quads,Isolation,Bilateral,Quadriceps,Hip Flexors:0.35,,,3,48-72 hours,Moderate,Moderate,High,Average,Yes,Lengthened Bias,Bodyweight,No,High,3-4 minutes,Target Muscle,,Stance width and depth dictate Glute vs Quad bias.,,
Barbell Lunge,Legs,Quads,Compound,Unilateral,"Quadriceps, Glute Max",Adductors,Rectus Abdominis,,4,48-72 hours,High,Moderate,High,Average,No,Lengthened Bias,Free Weight,Yes,High,4-6 minutes,Balance,,,,
Wall Squat,Legs,Quads,Isolation,Can Be Both,Quadriceps,Rectus Abdominis,,,1,24-48 hours,Low,Very Stable,Low,Good,No,Balanced,Bodyweight,No,Low,2-3 minutes,Load Cap,,,,
Front Rack Barbell Lunge,Legs,Quads,Compound,Unilateral,"Quadriceps, Glute Max",Adductors,Rectus Abdominis,,4,48-72 hours,High,Moderate,High,Average,No,Lengthened Bias,Free Weight,Yes,High,4-6 minutes,Balance,,,,
Barbell Bulgarian Split Squat,Legs,Quads,Compound,Unilateral,Quadriceps,"Glute Max, Abductors",,,5,48-72 hours,Very High,Highly Unstable,High,Average,Partial,Lengthened Bias,Free Weight,Yes,High,4-7 minutes,Balance,,Stance width and depth dictate Glute vs Quad bias.,,
Dumbbell Lunge,Legs,Quads,Compound,Unilateral,Quadriceps,"Glute Max, Abductors",,,4,48-72 hours,Moderate,Highly Unstable,High,Poor,No,Balanced,Free Weight,No,Moderate,3-4 minutes,Balance,,,,
Kettlebell Reverse Lunge,Legs,Quads,Compound,Unilateral,"Quadriceps, Glute Max",Adductors,Rectus Abdominis,,3,48-72 hours,Moderate,Moderate,High,Average,No,Lengthened Bias,Free Weight,No,Moderate,3-4 minutes,Grip,Yes,,,
Seated Leg Curl,Legs,Hamstrings,Isolation,Can Be Both,Hamstrings,,,,1,24-48 hours,High,Very Stable,Excellent,Excellent,Yes,Lengthened Bias,Machine,No,Low,2-3 minutes,Target Muscle,,,,
Lying Leg Curl,Legs,Hamstrings,Isolation,Can Be Both,Hamstrings,,,,1,24-48 hours,High,Very Stable,High,Excellent,Partial,Balanced,Machine,No,Low,2-3 minutes,Target Muscle,,,,
Smith Machine Good Morning,Legs,Hamstrings,Compound,Bilateral,Hamstrings,Glute Max,Spinal Erectors,,4,72-96 hours,Very High,Very Stable,Excellent,Good,Yes,Lengthened Bias,Machine,Yes,Moderate,4-6 minutes,Target Muscle,,,,
Romanian Deadlift (RDL),Legs,Hamstrings,Compound,Bilateral,"Hamstrings, Glute Max",Spinal Erectors,Upper Traps,,5,72-96 hours,Very High,Moderate,Excellent,Average,Yes,Lengthened Bias,Free Weight,Yes,Moderate,4-7 minutes,Target Muscle,,,,
Roman Chair Single Leg Back Extension,Legs,Hamstrings,Isolation,Unilateral,"Hamstrings, Glute Max",Spinal Erectors,,,1,24-48 hours,Moderate,Stable,Excellent,Excellent,Yes,Balanced,Bodyweight,No,Moderate,2-3 minutes,Target Muscle,,,,
Smith Machine Staggered Stance Good Morning,Legs,Hamstrings,Compound,Bilateral,"Hamstrings, Glute Max","Spinal Erectors",Rectus Abdominis,,4,72-96 hours,High,Stable,High,Good,Yes,Lengthened Bias,Machine,Yes,Moderate,4-6 minutes,Target Muscle,,,,
Stiff Leg Deadlift(SLDL),Legs,Hamstrings,Compound,Bilateral,Hamstrings,Glute Max,Spinal Erectors,,5,72-96 hours,Very High,Moderate,High,Average,Yes,Lengthened Bias,Free Weight,Yes,High,4-7 minutes,Target Muscle,,,,
Barbell Good Morning,Legs,Hamstrings,Compound,Bilateral,"Hamstrings, Glute Max",Spinal Erectors,Rectus Abdominis,,5,72-96 hours,Very High,Unstable,High,Average,Yes,Lengthened Bias,Free Weight,Yes,High,4-7 minutes,Target Muscle,,High axial loading,,
Hip Thrust Machine,Legs,Glutes,Compound,Bilateral,Glute Max,Hamstrings,,,2,24-48 hours,Very High,Very Stable,Excellent,Excellent,Partial,Shortened Bias,Machine,No,Low,2-3 minutes,Target Muscle,,Most stable hip thrust option,,
Smith Machine Hip Thrust,Legs,Glutes,Compound,Bilateral,Glute Max,Hamstrings,Quadriceps,,4,48-72 hours,Very High,Very Stable,Excellent,Good,No,Balanced,Machine,No,Moderate,3-4 minutes,Target Muscle,,,,
Barbell Hip Thrusts,Legs,Glutes,Compound,Bilateral,Glute Max,Hamstrings,Quadriceps,,4,48-72 hours,Very High,Stable,Excellent,Good,No,Balanced,Free Weight,No,Moderate,3-4 minutes,Target Muscle,,,,
Glute Kickback Machine,Legs,Glutes,Isolation,Bilateral,Glute Max,Hamstrings,,,3,36-60 hours,High,Very Stable,Excellent,Good,No,Balanced,Machine,No,Moderate,3-4 minutes,Target Muscle,,,,
Dumbbell Hip Thrust With Bands,Legs,Glutes,Compound,Bilateral,Glute Max,Hamstrings,Rectus Abdominis,,3,48-72 hours,Moderate,Stable,Excellent,Excellent,Partial,Shortened Bias,Free Weight,No,Moderate,3-4 minutes,Load Cap,,,,
Barbell Hip Thrust With Bands,Legs,Glutes,Compound,Bilateral,Glute Max,Hamstrings,Rectus Abdominis,,4,48-72 hours,Very High,Stable,Excellent,Good,No,Shortened Bias,Free Weight,No,Moderate,3-4 minutes,Target Muscle,,Bands increase peak tension,,
Standing Cable Hip Extension,Legs,Glutes,Isolation,Unilateral,Glute Max,Hamstrings,,,1,24-48 hours,Moderate,Stable,Excellent,Excellent,No,Balanced,Cable,No,Low,2-3 minutes,Target Muscle,,,,
Dumbbell Glute Bridge,Legs,Glutes,Compound,Bilateral,Glute Max,Hamstrings,Rectus Abdominis,,2,24-48 hours,Moderate,Stable,High,Good,No,Shortened Bias,Free Weight,No,Low,2-3 minutes,Load Cap,,,,
Barbell Glute Bridge,Legs,Glutes,Compound,Bilateral,Glute Max,Hamstrings,Quadriceps,,3,48-72 hours,Very High,Moderate,High,Average,No,Balanced,Free Weight,No,Moderate,2-3 minutes,Target Muscle,,,,
Dumbbell Glute Bridge With Bands,Legs,Glutes,Compound,Bilateral,Glute Max,Hamstrings,Rectus Abdominis,,2,24-48 hours,Moderate,Stable,High,Good,No,Shortened Bias,Free Weight,No,Low,2-3 minutes,Load Cap,,,,
Cable Kickbacks,Legs,Glutes,Compound,Unilateral,Glute Max,Hamstrings,,,3,48-72 hours,Moderate,Stable,High,Good,No,Balanced,Cable,No,Moderate,2-3 minutes,Target Muscle,,,,
Hip Thrust With Bands,Legs,Glutes,Compound,Bilateral,Glute Max,Rectus Abdominis,,,1,24-48 hours,Moderate,Moderate,Low,Good,Partial,Shortened Bias,Resistance Band,No,Low,2-3 minutes,Load Cap,,,,
Sumo Deadlift,Legs,Glutes,Compound,Bilateral,"Glute Max, Hamstrings",Spinal Erectors,Upper Traps,,5,72-120 hours,Very High,Moderate,High,Poor,No,Balanced,Free Weight,Yes,High,4-7 minutes,Target Muscle,,,,
Trap Bar Deadlift,Legs,Glutes,Compound,Bilateral,Glute Max,Hamstrings,Quadriceps,,5,72-120 hours,Very High,Moderate,High,Poor,No,Balanced,Free Weight,Yes,High,4-7 minutes,Target Muscle,,,,
Single-Leg Dumbbell Hip Thrust,Legs,Glutes,Compound,Unilateral,Glute Max,Hamstrings,Quadriceps,,4,48-72 hours,Moderate,Moderate,High,Average,No,Balanced,Free Weight,No,Moderate,3-4 minutes,Balance,,,,
Kettlebell Swing,Legs,Glutes,Compound,Bilateral,"Glute Max, Hamstrings",Spinal Erectors,Rectus Abdominis,,3,48-72 hours,Moderate,Unstable,High,Average,No,Balanced,Free Weight,No,High,3-4 minutes,Load Cap,Yes,Explosive movement,,
Copenhagen Adduction,Legs,Adductors,Isolation,Bilateral,Adductors,Rectus Abdominis,,,1,24-48 hours,Moderate,Moderate,High,Good,Yes,Lengthened Bias,Bodyweight,No,Moderate,2-3 minutes,Target Muscle,,,,
Hip Adduction Machine,Legs,Adductors,Isolation,Bilateral,Adductors,,,,3,36-60 hours,High,Very Stable,Excellent,Good,No,Balanced,Machine,No,Moderate,3-4 minutes,Target Muscle,,,,
Single Leg Cable Adduction,Legs,Adductors,Isolation,Unilateral,Adductors,,,,1,24-48 hours,Moderate,Stable,High,Good,Yes,Balanced,Cable,No,Low,2-3 minutes,Target Muscle,,,,
Hip Abduction Machine,Legs,Abductors,Isolation,Bilateral,Abductors,Glute Max,,,3,36-60 hours,High,Very Stable,Excellent,Good,No,Balanced,Machine,No,Moderate,3-4 minutes,Target Muscle,,,,
Calf Raise Machine,Legs,Calves,Isolation,Bilateral,Gastrocnemius,Soleus,,,1,24-48 hours,Very High,Very Stable,Excellent,Excellent,Yes,Shortened Bias,Machine,No,Low,2-3 minutes,Target Muscle,,,,
Smith Machine Standing Calf Raise,Legs,Calves,Isolation,Can Be Both,Gastrocnemius,Soleus,,,1,24-48 hours,Very High,Very Stable,Excellent,Excellent,Yes,Shortened Bias,Machine,No,Low,2-3 minutes,Target Muscle,,,,
Hack Squat Calf Raise,Legs,Calves,Isolation,Bilateral,Gastrocnemius,Soleus,,,1,24-48 hours,Very High,Stable,Excellent,Excellent,Partial,Shortened Bias,Machine,No,Low,2 minutes,Target Muscle,,,,
Seated Calf Raise - Machine,Legs,Calves,Isolation,Bilateral,Soleus,Gastrocnemius,,,1,24-48 hours,Very High,Very Stable,High,Excellent,Yes,Shortened Bias,Machine,No,Low,2 minutes,Target Muscle,,"Pad on the lower thighs, knees at 90°; the bent knee slackens the gastrocnemius so the soleus does the work. Let the heels drop all the way for the stretch.",,
Standing Calf Raise - Dumbbell,Legs,Calves,Isolation,Can Be Both,Gastrocnemius,Soleus,,,1,24-48 hours,Moderate,Stable,Excellent,Excellent,Yes,Shortened Bias,Free Weight,No,Low,2-3 minutes,Load Cap,,,,
Leg Press Calf Raise,Legs,Calves,Isolation,Bilateral,Gastrocnemius,Soleus,,,1,24-48 hours,Very High,Stable,Excellent,Good,No,Shortened Bias,Machine,No,Low,2 minutes,Target Muscle,,,,
Seated Calf Raise - Dumbbell,Legs,Calves,Isolation,Bilateral,Soleus,Gastrocnemius,,,1,24-48 hours,Moderate,Stable,High,Excellent,Yes,Shortened Bias,Free Weight,No,Low,2 minutes,Load Cap,,,,
Lever Donkey Calf Raise,Legs,Calves,Isolation,Bilateral,Gastrocnemius,Soleus,,,1,24-48 hours,High,Very Stable,High,Excellent,No,Shortened Bias,Machine,No,Low,2 minutes,Target Muscle,,,,
Hack Machine One-Leg Calf Raise,Legs,Calves,Isolation,Unilateral,Gastrocnemius,Soleus,,,1,24-48 hours,Very High,Very Stable,High,Excellent,No,Balanced,Machine,No,Low,2 minutes,Target Muscle,,,,
Standing Calf Raise - Deficit,Legs,Calves,Isolation,Can Be Both,Gastrocnemius,Soleus,,,1,24-48 hours,Moderate,Stable,High,Good,Yes,Shortened Bias,Bodyweight,No,Low,2 minutes,Load Cap,,"Forefoot on a step; let the heel drop below the toes for the full stretch",,
Seated Calf Raise - Band,Legs,Calves,Isolation,Can Be Both,Soleus,Gastrocnemius,,,1,24-48 hours,Moderate,Very Stable,Moderate,Good,Partial,Shortened Bias,Resistance Band,No,Low,2 minutes,Load Cap,,"Band under the forefoot, looped over the knee; knee bent biases the soleus",,
Standing Calf Raise - Band,Legs,Calves,Isolation,Can Be Both,Gastrocnemius,Soleus,,,1,24-48 hours,Moderate,Stable,Moderate,Good,Partial,Shortened Bias,Resistance Band,No,Low,2 minutes,Load Cap,,"Stand on the band, ends held at the hips or looped over the shoulders",,
Standing Calf Raise - Single Leg,Legs,Calves,Isolation,Unilateral,Gastrocnemius,Soleus,,,1,24-48 hours,Moderate,Stable,High,Good,Partial,Shortened Bias,Bodyweight,No,Low,2 minutes,Load Cap,,"Touch a wall for balance; roughly doubles the load over the bilateral version",,
Standing Calf Raise - Bodyweight,Legs,Calves,Isolation,Bilateral,Gastrocnemius,Soleus,,,1,24-48 hours,Low,Stable,Moderate,Good,Partial,Shortened Bias,Bodyweight,No,Low,2 minutes,Load Cap,,"Flat floor, no deficit — progress to the single-leg or deficit variant once bodyweight is easy",,
Tib Bar Toe Raise,Legs,Tibialis,Isolation,Can Be Both,Tibialis Anterior,,,,1,24-48 hours,High,Stable,Excellent,Excellent,Yes,Shortened Bias,Free Weight,No,Low,2 minutes,Target Muscle,,Plate-loaded and progressive - the most loadable tibialis option,,
Cable Toe Raise,Legs,Tibialis,Isolation,Can Be Both,Tibialis Anterior,,,,1,24-48 hours,High,Stable,High,Excellent,Yes,Balanced,Cable,No,Low,2 minutes,Target Muscle,,Low pulley with a D-handle strapped over the forefoot; constant tension through the whole arc,,
Dumbbell Toe Raise,Legs,Tibialis,Isolation,Can Be Both,Tibialis Anterior,,,,1,24-48 hours,Moderate,Stable,High,Good,Partial,Shortened Bias,Free Weight,No,Low,2 minutes,Target Muscle,,Seated with the dumbbell held upright on the foot,,
Standing Tibialis Raise,Legs,Tibialis,Isolation,Bilateral,Tibialis Anterior,,,,1,24-48 hours,Low,Stable,Moderate,Good,Partial,Balanced,Bodyweight,No,Low,2 minutes,Load Cap,,"Back against a wall, heels a step forward; walk the feet further out to progress",,
Resistance Band Seated Toe Raise,Legs,Tibialis,Isolation,Can Be Both,Tibialis Anterior,,,,1,24-48 hours,Moderate,Very Stable,Moderate,Good,No,Shortened Bias,Resistance Band,No,Low,2 minutes,Target Muscle,,"Band anchored ahead of the feet, loop over the forefoot",,
Seated Toe Raise,Legs,Tibialis,Isolation,Can Be Both,Tibialis Anterior,,,,1,24-48 hours,Low,Very Stable,Moderate,Good,No,Shortened Bias,Bodyweight,No,Low,2 minutes,Load Cap,,"Heels planted, lift the toes as high as possible; rest a plate on the foot to add load",,
